{
    "x": [
        0.6869510497934449,
        0.7186608488729432,
        0.04537601028571958,
        0.9033524781242765,
        0.7109423166949654,
        0.5347700640615645,
        0.3187865676811261,
        0.720918535746031,
        0.7298234720969656,
        0.44346177374858475
    ],
    "y": [
        0.5862718017397797,
        0.10041066093525419,
        0.9718087049792549,
        0.3170513062258753,
        0.27099194300047624,
        0.8881645428009886,
        0.9418994136245515,
        0.824317427540877,
        0.29091529911169356,
        0.6955142184697366
    ]
}